model_name,total_time_seconds,peak_memory_mb,gpu_memory_mb,avg_cpu_percent,total_tokens,avg_tokens_per_second,total_cost_usd,embedding_dimension,max_sequence_length,suggested_batch_size,total_embedding_size_mb,accuracy,precision,recall,f1
bert-base-uncased,1.558868646621704,736.04296875,797.0,0.0,144,92.37468487936364,1.44e-05,768,512,32,417.6416015625,0.25,0.0625,0.25,0.1
roberta-base,0.7501747608184814,26.4296875,855.0,0.0,176,234.61199868677858,1.76e-05,768,512,32,475.4853515625,0.25,0.0625,0.25,0.1
albert-base-v2,4.244476318359375,45.0859375,403.0,0.0,144,33.92644679795518,1.44e-05,768,512,32,44.5693359375,0.25,0.0625,0.25,0.1
distilbert-base-uncased,0.3930213451385498,2.03125,617.0,0.0,144,366.39231375394235,7.2e-06,768,512,32,253.154296875,0.25,0.0625,0.25,0.1
microsoft/mpnet-base,12.332379341125488,22.42578125,797.0,0.0,144,11.676578867453014,1.44e-05,768,512,32,417.65771484375,0.25,0.0625,0.25,0.1
sentence-transformers/all-MiniLM-L6-v2,0.37125611305236816,5.34375,427.0,0.0,144,387.87240111973006,1.44e-05,384,512,32,86.64404296875,0.25,0.0625,0.25,0.1
